STATS,Total de Jogos,Média de Pontos,Média de Assistências,Média de Rebotes,Minutos em Quadra,Nome
Temporada Atual,45,7.644444444444445,1.2444444444444445,2.311111111111111,21.977777777777778,Giannis Antetokounmpo
Carreira,833,23.774309723889555,4.917166866746698,9.881152460984394,32.86434573829532,Giannis Antetokounmpo
Temporada Atual,45,7.644444444444445,1.2444444444444445,2.311111111111111,21.977777777777778,Damian Lillard
Carreira,886,25.151241534988714,6.75959367945824,4.267494356659142,36.25620767494357,Damian Lillard
Temporada Atual,45,7.644444444444445,1.2444444444444445,2.311111111111111,21.977777777777778,Brook Lopez
Carreira,1076,15.887546468401487,1.4479553903345725,6.110594795539034,30.297397769516728,Brook Lopez
